Asset,Risk_Score,Risk_Category,Volatility_Ann,Max_Drawdown,VaR_95,Downside_Vol
SOL,100.0,High Risk,1.3165265801807862,-0.9627249768997588,-0.0895819787806083,0.042397224437135374
XRP,77.90397855457873,High Risk,1.1828005921141653,-0.9586610861487666,-0.07358238987693355,0.037271540934620435
ETH,55.06288449749508,Medium Risk,0.8824689933446302,-0.9396254038538308,-0.0696486768828706,0.033908461907334875
BNB,28.541674264820582,Low Risk,1.0337256019194967,-0.8010241823092679,-0.07013319273741081,0.035361654136323785
BTC,8.154791322111796,Low Risk,0.6967900466281609,-0.8339900882218958,-0.05674518193100978,0.027651898034053515
